DATE,DCOILBRENTEU_NBD20001229
2015-01-02,245.26129
2015-01-05,226.21789
2015-01-06,221.96634
2015-01-07,217.27192
2015-01-08,218.91054
2015-01-09,210.98317
2015-01-12,207.70593
2015-01-13,199.86714
2015-01-14,202.92294
2015-01-15,211.07174
2015-01-16,209.83171
2015-01-19,.
2015-01-20,205.89017
2015-01-21,205.93446
2015-01-22,204.11869
2015-01-23,206.77591
2015-01-26,204.03012
2015-01-27,206.15589
2015-01-28,208.45881
2015-01-29,206.42161
2015-01-30,210.45173
2015-02-02,229.14083
2015-02-03,240.96546
2015-02-04,243.88840
2015-02-05,247.91851
2015-02-06,247.47564
2015-02-09,252.43578
2015-02-10,247.07706
2015-02-11,236.84677
2015-02-12,249.02569
2015-02-13,267.18335
2015-02-16,272.67493
2015-02-17,269.17626
2015-02-18,268.91054
2015-02-19,260.31887
2015-02-20,270.10629
2015-02-23,264.74756
2015-02-24,267.18335
2015-02-25,264.70328
2015-02-26,271.87777
2015-02-27,274.09212
2015-03-02,269.04340
2015-03-03,270.94774
2015-03-04,262.09035
2015-03-05,267.18335
2015-03-06,261.95748
2015-03-09,259.83171
2015-03-10,247.78565
2015-03-11,250.04429
2015-03-12,250.93003
2015-03-13,242.69265
2015-03-16,230.29229
2015-03-17,231.04517
2015-03-18,232.90523
2015-03-19,234.54384
2015-03-20,238.61825
2015-03-23,238.35252
2015-03-24,237.42250
2015-03-25,239.94686
2015-03-26,252.52436
2015-03-27,249.95571
2015-03-30,239.10540
2015-03-31,237.77679
2015-04-01,246.81134
2015-04-02,246.81134
2015-04-03,.
2015-04-06,246.81134
2015-04-07,254.87157
2015-04-08,249.86714
2015-04-09,248.18423
2015-04-10,251.63862
2015-04-13,253.05580
2015-04-14,255.49159
2015-04-15,262.71036
2015-04-16,266.29761
2015-04-17,271.52347
2015-04-20,271.03632
2015-04-21,266.25332
2015-04-22,266.25332
2015-04-23,277.50221
2015-04-24,278.83082
2015-04-27,278.38795
2015-04-28,277.28078
2015-04-29,283.30381
2015-04-30,282.99380
2015-05-01,284.01240
2015-05-04,286.18246
2015-05-05,289.81399
2015-05-06,293.26838
2015-05-07,287.55536
2015-05-08,282.63950
2015-05-11,278.21081
2015-05-12,288.26395
2015-05-13,293.75554
2015-05-14,290.43401
2015-05-15,286.49247
2015-05-18,288.52967
2015-05-19,281.13375
2015-05-20,281.31089
2015-05-21,286.53676
2015-05-22,286.53676
2015-05-25,.
2015-05-26,273.02923
2015-05-27,271.70062
2015-05-28,266.25332
2015-05-29,279.71656
2015-06-01,278.43224
2015-06-02,279.62799
2015-06-03,278.03366
2015-06-04,267.22764
2015-06-05,267.31621
2015-06-08,271.61205
2015-06-09,280.02657
2015-06-10,286.44818
2015-06-11,282.37378
2015-06-12,279.84942
2015-06-15,270.10629
2015-06-16,269.04340
2015-06-17,269.04340
2015-06-18,271.78919
2015-06-19,263.10895
2015-06-22,268.11337
2015-06-23,273.11780
2015-06-24,272.94066
2015-06-25,266.78477
2015-06-26,266.34190
2015-06-29,261.42604
2015-06-30,267.09477
2015-07-01,273.02923
2015-07-02,273.38353
2015-07-03,261.55890
2015-07-06,253.27724
2015-07-07,242.33835
2015-07-08,246.67848
2015-07-09,256.11160
2015-07-10,255.62445
2015-07-13,255.22586
2015-07-14,253.32152
2015-07-15,253.94154
2015-07-16,253.80868
2015-07-17,249.68999
2015-07-20,249.86714
2015-07-21,247.74136
2015-07-22,249.60142
2015-07-23,246.94420
2015-07-24,240.43401
2015-07-27,239.45970
2015-07-28,240.47830
2015-07-29,242.38264
2015-07-30,240.43401
2015-07-31,236.00531
2015-08-03,219.17626
2015-08-04,217.36050
2015-08-05,217.18335
2015-08-06,211.69176
2015-08-07,210.54030
2015-08-10,213.90611
2015-08-11,209.61027
2015-08-12,213.86182
2015-08-13,212.62179
2015-08-14,211.64748
2015-08-17,211.55890
2015-08-18,208.14880
2015-08-19,202.61293
2015-08-20,202.08149
2015-08-21,194.15412
2015-08-24,184.18955
2015-08-25,185.38530
2015-08-26,184.94243
2015-08-27,196.89991
2015-08-28,212.44464
2015-08-31,.
2015-09-01,216.12046
2015-09-02,211.11603
2015-09-03,223.25066
2015-09-04,215.19043
2015-09-07,205.58016
2015-09-08,216.47476
2015-09-09,212.75465
2015-09-10,211.55890
2015-09-11,207.57307
2015-09-14,203.14438
2015-09-15,203.32152
2015-09-16,218.55624
2015-09-17,213.77325
2015-09-18,209.38884
2015-09-21,210.98317
2015-09-22,206.77591
2015-09-23,212.57750
2015-09-24,208.41453
2015-09-25,209.38884
2015-09-28,203.89725
2015-09-29,210.71745
2015-09-30,209.43313
2015-10-01,210.27458
2015-10-02,206.15589
2015-10-05,218.99911
2015-10-06,227.36935
2015-10-07,228.78654
2015-10-08,230.86802
2015-10-09,230.64659
2015-10-12,225.64216
2015-10-13,216.74048
2015-10-14,213.68468
2015-10-15,212.00177
2015-10-16,216.82905
2015-10-19,210.40744
2015-10-20,207.83880
2015-10-21,206.90877
2015-10-22,206.33304
2015-10-23,205.04872
2015-10-26,206.24446
2015-10-27,201.68291
2015-10-28,210.80602
2015-10-29,212.75465
2015-10-30,212.57750
2015-11-02,212.17892
2015-11-03,212.57750
2015-11-04,207.97166
2015-11-05,208.99026
2015-11-06,204.11869
2015-11-09,200.97431
2015-11-10,205.66873
2015-11-11,199.20283
2015-11-12,199.20283
2015-11-13,185.91674
2015-11-16,178.38795
2015-11-17,182.81665
2015-11-18,183.56953
2015-11-19,186.97963
2015-11-20,188.17538
2015-11-23,193.53410
2015-11-24,196.54562
2015-11-25,192.91408
2015-11-26,192.86980
2015-11-27,190.74402
2015-11-30,193.66696
2015-12-01,190.30115
2015-12-02,185.65102
2015-12-03,186.00531
2015-12-04,183.52524
2015-12-07,175.77502
2015-12-08,174.66785
2015-12-09,172.89637
2015-12-10,171.16918
2015-12-11,163.81754
2015-12-14,161.69176
2015-12-15,166.78477
2015-12-16,163.68468
2015-12-17,160.71745
2015-12-18,162.79894
2015-12-21,156.51019
2015-12-22,156.15589
2015-12-23,158.50310
2015-12-24,164.83614
2015-12-25,.
2015-12-28,164.21612
2015-12-29,163.19752
2015-12-30,157.88308
2015-12-31,162.13463
2016-01-01,.
2016-01-04,160.67316
2016-01-05,157.48450
2016-01-06,150.08857
2016-01-07,148.67139
2016-01-08,140.25686
2016-01-11,133.48096
2016-01-12,129.05226
2016-01-13,126.57219
2016-01-14,127.72365
2016-01-15,127.54650
2016-01-18,121.16918
2016-01-19,121.16918
2016-01-20,115.19043
2016-01-21,122.18778
2016-01-22,134.89814
2016-01-25,132.06377
2016-01-26,137.02391
2016-01-27,140.96546
2016-01-28,146.19132
2016-01-29,146.76705
2016-02-01,143.71125
2016-02-02,137.20106
2016-02-03,143.40124
2016-02-04,145.08415
2016-02-05,143.26838
2016-02-08,140.12400
2016-02-09,133.52524
2016-02-10,131.26661
2016-02-11,127.63508
2016-02-12,140.83260
2016-02-15,.
2016-02-16,137.68822
2016-02-17,147.07706
2016-02-18,147.03277
2016-02-19,140.21258
2016-02-22,148.75996
2016-02-23,141.27547
2016-02-24,139.50399
2016-02-25,145.39415
2016-02-26,158.37024
2016-02-29,159.07883
2016-03-01,158.23738
2016-03-02,161.11603
2016-03-03,158.32595
2016-03-04,166.56333
2016-03-07,172.80779
2016-03-08,173.42781
2016-03-09,178.29938
2016-03-10,171.08060
2016-03-11,174.53499
2016-03-14,168.55624
2016-03-15,166.03189
2016-03-16,169.97343
2016-03-17,174.00354
2016-03-18,173.87068
2016-03-21,176.74934
2016-03-22,179.53942
2016-03-23,172.01063
2016-03-24,169.75199
2016-03-25,.
2016-03-28,169.75199
2016-03-29,162.75465
2016-03-30,162.75465
2016-03-31,162.75465
2016-04-01,161.29318
2016-04-04,159.65456
2016-04-05,158.90168
2016-04-06,167.27192
2016-04-07,164.52613
2016-04-08,180.29229
2016-04-11,184.14526
2016-04-12,190.52259
2016-04-13,189.59256
2016-04-14,190.52259
2016-04-15,182.99380
2016-04-18,184.41098
2016-04-19,190.52259
2016-04-20,190.83260
2016-04-21,192.55979
2016-04-22,194.72985
2016-04-25,190.30115
2016-04-26,194.59699
2016-04-27,195.61559
2016-04-28,201.94863
2016-04-29,202.12578
2016-05-02,202.92294
2016-05-03,190.83260
2016-05-04,190.78831
2016-05-05,196.58990
2016-05-06,197.51993
2016-05-09,187.90965
2016-05-10,194.90700
2016-05-11,204.07440
2016-05-12,205.62445
2016-05-13,208.37024
2016-05-16,214.74756
2016-05-17,215.72188
2016-05-18,216.69619
2016-05-19,208.19309
2016-05-20,214.96900
2016-05-23,211.55890
2016-05-24,214.43756
2016-05-25,216.43047
2016-05-26,219.30912
2016-05-27,217.40478
2016-05-30,.
2016-05-31,218.15766
2016-06-01,216.16475
2016-06-02,217.22764
2016-06-03,214.79185
2016-06-06,216.74048
2016-06-07,220.37201
2016-06-08,224.66785
2016-06-09,224.04783
2016-06-10,220.10629
2016-06-13,218.60053
2016-06-14,212.04606
2016-06-15,210.23029
2016-06-16,202.21435
2016-06-17,206.24446
2016-06-20,215.58902
2016-06-21,213.37467
2016-06-22,214.48184
2016-06-23,215.36758
2016-06-24,206.77591
2016-06-27,199.60142
2016-06-28,205.00443
2016-06-29,214.34898
2016-06-30,212.79894
2016-07-01,211.02746
2016-07-04,212.66608
2016-07-05,202.12578
2016-07-06,202.39150
2016-07-07,203.41010
2016-07-08,197.20992
2016-07-11,195.03986
2016-07-12,206.90877
2016-07-13,197.82994
2016-07-14,203.76439
2016-07-15,204.82728
2016-07-18,200.84145
2016-07-19,202.39150
2016-07-20,202.92294
2016-07-21,199.24712
2016-07-22,195.92560
2016-07-25,193.79982
2016-07-26,192.91408
2016-07-27,189.45970
2016-07-28,185.42958
2016-07-29,180.51373
2016-08-01,177.90080
2016-08-02,177.14792
2016-08-03,179.14083
2016-08-04,183.03809
2016-08-05,188.08680
2016-08-08,191.49690
2016-08-09,192.07263
2016-08-10,186.84677
2016-08-11,195.88131
2016-08-12,199.82285
2016-08-15,209.52170
2016-08-16,213.77325
2016-08-17,215.14615
2016-08-18,219.04340
2016-08-19,218.73339
2016-08-22,213.02037
2016-08-23,215.67759
2016-08-24,210.62888
2016-08-25,218.11337
2016-08-26,219.92914
2016-08-29,219.92914
2016-08-30,212.31178
2016-08-31,212.31178
2016-09-01,199.51284
2016-09-02,203.54296
2016-09-05,206.90877
2016-09-06,204.65013
2016-09-07,208.14880
2016-09-08,218.02480
2016-09-09,214.21612
2016-09-12,211.78034
2016-09-13,205.84588
2016-09-14,202.17006
2016-09-15,202.96723
2016-09-16,200.44287
2016-09-19,203.89725
2016-09-20,200.35430
2016-09-21,203.67582
2016-09-22,209.07883
2016-09-23,206.86448
2016-09-26,206.42161
2016-09-27,199.06997
2016-09-28,201.46147
2016-09-29,214.48184
2016-09-30,213.64039
2016-10-03,215.27901
2016-10-04,216.16475
2016-10-05,219.53056
2016-10-06,222.05492
2016-10-07,223.60496
2016-10-10,228.25509
2016-10-11,223.56067
2016-10-12,219.35341
2016-10-13,218.29052
2016-10-14,216.43047
2016-10-17,218.37910
2016-10-18,220.59345
2016-10-19,229.62799
2016-10-20,223.29495
2016-10-21,222.67493
2016-10-24,220.54916
2016-10-25,217.36050
2016-10-26,216.91763
2016-10-27,217.58193
2016-10-28,211.60319
2016-10-31,204.60585
2016-11-01,202.70151
2016-11-02,196.01417
2016-11-03,194.15412
2016-11-04,190.69973
2016-11-07,189.68113
2016-11-08,192.51550
2016-11-09,194.33127
2016-11-10,193.40124
2016-11-11,184.27812
2016-11-14,185.25244
2016-11-15,195.52702
2016-11-16,199.60142
2016-11-17,197.38707
2016-11-18,196.67848
2016-11-21,203.54296
2016-11-22,204.16298
2016-11-23,206.11160
2016-11-24,210.54030
2016-11-25,205.13729
2016-11-28,206.55447
2016-11-29,197.87422
2016-11-30,212.35607
2016-12-01,231.53233
2016-12-02,231.84234
2016-12-05,236.04960
2016-12-06,231.66519
2016-12-07,229.84942
2016-12-08,228.52081
2016-12-09,231.13375
2016-12-12,239.10540
2016-12-13,235.96103
2016-12-14,235.38530
2016-12-15,229.05226
2016-12-16,239.81399
2016-12-19,237.06820
2016-12-20,241.62976
2016-12-21,234.76528
2016-12-22,239.32684
2016-12-23,238.83968
2016-12-26,.
2016-12-27,.
2016-12-28,243.35695
2016-12-29,243.44553
2016-12-30,243.40124
2017-01-02,.
2017-01-03,243.79982
2017-01-04,241.67405
2017-01-05,243.53410
2017-01-06,247.56422
2017-01-09,240.87688
2017-01-10,235.60673
2017-01-11,237.42250
2017-01-12,241.40833
2017-01-13,240.78831
2017-01-16,240.47830
2017-01-17,242.16120
2017-01-18,238.13109
2017-01-19,235.51816
2017-01-20,243.75554
2017-01-23,242.69265
2017-01-24,242.24978
2017-01-25,240.65545
2017-01-26,247.51993
2017-01-27,242.69265
2017-01-30,242.55979
2017-01-31,244.68556
2017-02-01,247.07706
2017-02-02,247.74136
2017-02-03,247.65279
2017-02-06,243.66696
2017-02-07,238.21966
2017-02-08,241.00974
2017-02-09,239.06112
2017-02-10,244.46413
2017-02-13,239.81399
2017-02-14,243.40124
2017-02-15,241.67405
2017-02-16,239.85828
2017-02-17,241.27547
2017-02-20,244.68556
2017-02-21,249.51284
2017-02-22,243.13552
2017-02-23,247.20992
2017-02-24,242.20549
2017-02-27,242.02834
2017-02-28,236.31532
2017-03-01,246.76705
2017-03-02,239.85828
2017-03-03,239.68113
2017-03-06,242.38264
2017-03-07,241.85120
2017-03-08,236.04960
2017-03-09,224.31355
2017-03-10,224.22498
2017-03-13,221.87777
2017-03-14,219.66342
2017-03-15,224.22498
2017-03-16,223.91497
2017-03-17,224.00354
2017-03-20,224.40213
2017-03-21,222.05492
2017-03-22,219.48627
2017-03-23,222.18778
2017-03-24,221.30204
2017-03-27,221.96634
2017-03-28,224.62356
2017-03-29,227.45793
2017-03-30,231.39947
2017-03-31,231.17803
2017-04-03,230.46944
2017-04-04,235.07529
2017-04-05,236.53676
2017-04-06,237.46678
2017-04-07,240.21258
2017-04-10,242.64836
2017-04-11,242.38264
2017-04-12,242.47121
2017-04-13,243.79982
2017-04-14,.
2017-04-17,242.64836
2017-04-18,232.94951
2017-04-19,232.19663
2017-04-20,224.35784
2017-04-21,221.12489
2017-04-24,218.99911
2017-04-25,218.64482
2017-04-26,221.39061
2017-04-27,219.04340
2017-04-28,219.04340
2017-05-01,223.25066
2017-05-02,218.37910
2017-05-03,216.20903
2017-05-04,210.49601
2017-05-05,210.14172
2017-05-08,206.42161
2017-05-09,208.41453
2017-05-10,212.97609
2017-05-11,217.80337
2017-05-12,217.36050
2017-05-15,227.14792
2017-05-16,226.79362
2017-05-17,229.22941
2017-05-18,229.00797
2017-05-19,233.74668
2017-05-22,236.27104
2017-05-23,235.56244
2017-05-24,236.00531
2017-05-25,231.39947
2017-05-26,225.15500
2017-05-29,231.39947
2017-05-30,224.31355
2017-05-31,218.77768
2017-06-01,223.25066
2017-06-02,214.61470
2017-06-05,213.68468
2017-06-06,213.06466
2017-06-07,208.50310
2017-06-08,205.04872
2017-06-09,206.55447
2017-06-12,208.94597
2017-06-13,207.92737
2017-06-14,201.37290
2017-06-15,201.99291
2017-06-16,202.39150
2017-06-19,203.41010
2017-06-20,194.77414
2017-06-21,197.60850
2017-06-22,196.89991
2017-06-23,195.48273
2017-06-26,195.26129
2017-06-27,204.47298
2017-06-28,205.71302
2017-06-29,208.23738
2017-06-30,208.50310
2017-07-03,217.58193
2017-07-04,217.67050
2017-07-05,210.71745
2017-07-06,214.92471
2017-07-07,205.80159
2017-07-10,206.24446
2017-07-11,206.73162
2017-07-12,206.95306
2017-07-13,211.02746
2017-07-14,212.09035
2017-07-17,211.07174
2017-07-18,212.22321
2017-07-19,214.08326
2017-07-20,214.96900
2017-07-21,210.23029
2017-07-24,211.73605
2017-07-25,217.84765
2017-07-26,221.78919
2017-07-27,224.40213
2017-07-28,230.29229
2017-07-31,230.24801
2017-08-01,224.84500
2017-08-02,230.69088
2017-08-03,234.18955
2017-08-04,232.41807
2017-08-07,227.72365
2017-08-08,231.08946
2017-08-09,231.00089
2017-08-10,232.90523
2017-08-11,227.94508
2017-08-14,227.14792
2017-08-15,220.99203
2017-08-16,223.16209
2017-08-17,223.07352
2017-08-18,225.68645
2017-08-21,230.02657
2017-08-22,231.57662
2017-08-23,231.66519
2017-08-24,229.09655
2017-08-25,229.71656
2017-08-28,229.71656
2017-08-29,228.69796
2017-08-30,229.89371
2017-08-31,233.34810
2017-09-01,235.38530
2017-09-04,232.94951
2017-09-05,237.51107
2017-09-06,241.27547
2017-09-07,239.85828
2017-09-08,241.58547
2017-09-11,240.03543
2017-09-12,243.84411
2017-09-13,245.88131
2017-09-14,251.37290
2017-09-15,248.80425
2017-09-18,245.79274
2017-09-19,250.57573
2017-09-20,253.32152
2017-09-21,255.66873
2017-09-22,257.57307
2017-09-25,263.15323
2017-09-26,264.70328
2017-09-27,260.14172
2017-09-28,260.40744
2017-09-29,252.52436
2017-10-02,246.54562
2017-10-03,248.53853
2017-10-04,248.00709
2017-10-05,252.83437
2017-10-06,245.79274
2017-10-09,244.86271
2017-10-10,250.75288
2017-10-11,248.58282
2017-10-12,248.58282
2017-10-13,251.81577
2017-10-16,254.60585
2017-10-17,255.22586
2017-10-18,257.08592
2017-10-19,256.06732
2017-10-20,256.37733
2017-10-23,255.49159
2017-10-24,256.15589
2017-10-25,258.85740
2017-10-26,260.18601
2017-10-27,266.38618
2017-10-30,268.60053
2017-10-31,271.70062
2017-11-01,270.06200
2017-11-02,269.22055
2017-11-03,272.01063
2017-11-06,284.63242
2017-11-07,285.03100
2017-11-08,283.25952
2017-11-09,285.60673
2017-11-10,284.98671
2017-11-13,278.74225
2017-11-14,269.75199
2017-11-15,271.25775
2017-11-16,270.94774
2017-11-17,271.65633
2017-11-20,271.65633
2017-11-21,275.81931
2017-11-22,278.65368
2017-11-23,280.20372
2017-11-24,281.57662
2017-11-27,280.11515
2017-11-28,281.48804
2017-11-29,282.28521
2017-11-30,281.35518
2017-12-01,285.96103
2017-12-04,281.00089
2017-12-05,281.00089
2017-12-06,275.68645
2017-12-07,276.21789
2017-12-08,282.81665
2017-12-11,290.61116
2017-12-12,287.68822
2017-12-13,281.93091
2017-12-14,282.19663
2017-12-15,282.59522
2017-12-18,285.42958
2017-12-19,282.06377
2017-12-20,285.34101
2017-12-21,286.27104
2017-12-22,286.13818
2017-12-25,.
2017-12-26,.
2017-12-27,292.42693
2017-12-28,295.83702
2017-12-29,295.52702
2018-01-01,.
2018-01-02,295.17272
2018-01-03,300.48716
2018-01-04,304.38441
2018-01-05,301.19575
2018-01-08,303.27724
2018-01-09,305.93446
2018-01-10,309.07883
2018-01-11,311.60319
2018-01-12,308.41453
2018-01-15,311.38175
2018-01-16,307.35164
2018-01-17,306.42161
2018-01-18,307.70593
2018-01-19,303.63153
2018-01-22,306.99734
2018-01-23,309.16740
2018-01-24,309.61027
2018-01-25,314.79185
2018-01-26,310.36315
2018-01-29,302.96723
2018-01-30,300.17715
2018-01-31,300.17715
2018-02-01,303.80868
2018-02-02,298.71568
2018-02-05,299.77857
2018-02-06,295.61559
2018-02-07,291.14260
2018-02-08,284.58813
2018-02-09,279.18512
2018-02-12,275.46501
2018-02-13,274.31355
2018-02-14,275.86360
2018-02-15,278.38795
2018-02-16,284.76528
2018-02-19,287.64393
2018-02-20,286.44818
2018-02-21,287.02391
2018-02-22,292.82551
2018-02-23,296.89991
2018-02-26,300.97431
2018-02-27,299.33570
2018-02-28,292.64836
2018-03-01,284.45527
2018-03-02,284.58813
2018-03-05,291.31975
2018-03-06,290.83260
2018-03-07,288.26395
2018-03-08,282.86094
2018-03-09,288.70682
2018-03-12,285.78388
2018-03-13,284.32241
2018-03-14,281.70948
2018-03-15,281.97520
2018-03-16,286.44818
2018-03-19,287.06820
2018-03-20,292.29407
2018-03-21,301.81577
2018-03-22,305.49159
2018-03-23,305.71302
2018-03-26,304.73871
2018-03-27,303.94154
2018-03-28,301.72719
2018-03-29,305.66873
2018-03-30,.
2018-04-02,.
2018-04-03,305.66873
2018-04-04,292.47121
2018-04-05,294.68556
2018-04-06,294.55270
2018-04-09,301.99291
2018-04-10,312.97609
2018-04-11,322.14349
2018-04-12,316.38618
2018-04-13,324.09212
2018-04-16,319.08769
2018-04-17,317.58193
2018-04-18,326.52790
2018-04-19,331.48804
2018-04-20,330.46944
2018-04-23,330.11515
2018-04-24,335.96103
2018-04-25,326.79362
2018-04-26,333.87954
2018-04-27,333.61382
2018-04-30,336.22675
2018-05-01,331.48804
2018-05-02,323.91497
2018-05-03,325.28787
2018-05-04,331.04517
2018-05-07,.
2018-05-08,328.43224
2018-05-09,343.66696
2018-05-10,343.62267
2018-05-11,342.64836
2018-05-14,346.19132
2018-05-15,349.60142
2018-05-16,346.27989
2018-05-17,354.69442
2018-05-18,347.12135
2018-05-21,346.94420
2018-05-22,356.15589
2018-05-23,348.49424
2018-05-24,349.42427
2018-05-25,339.23826
2018-05-28,.
2018-05-29,329.98229
2018-05-30,336.09389
2018-05-31,338.57396
2018-06-01,330.11515
2018-06-04,325.11072
2018-06-05,322.89637
2018-06-06,324.31355
2018-06-07,333.17095
2018-06-08,332.63950
2018-06-11,330.29229
2018-06-12,331.53233
2018-06-13,332.46236
2018-06-14,331.13375
2018-06-15,318.95483
2018-06-18,331.57662
2018-06-19,331.79805
2018-06-20,328.83082
2018-06-21,322.71922
2018-06-22,326.26218
2018-06-25,322.49779
2018-06-26,325.86360
2018-06-27,336.97963
2018-06-28,337.73251
2018-06-29,342.95837
2018-07-02,339.72542
2018-07-03,336.00531
2018-07-04,340.96546
2018-07-05,341.40833
2018-07-06,332.06377
2018-07-09,341.36404
2018-07-10,344.55270
2018-07-11,333.70239
2018-07-12,319.35341
2018-07-13,328.21081
2018-07-16,314.57042
2018-07-17,313.86182
2018-07-18,312.31178
2018-07-19,318.60053
2018-07-20,318.82197
2018-07-23,325.28787
2018-07-24,325.64216
2018-07-25,326.26218
2018-07-26,329.98229
2018-07-27,331.44376
2018-07-30,332.10806
2018-07-31,328.43224
2018-08-01,320.10629
2018-08-02,323.07352
2018-08-03,320.99203
2018-08-06,321.12489
2018-08-07,320.23915
2018-08-08,313.15323
2018-08-09,312.44464
2018-08-10,314.43756
2018-08-13,312.75465
2018-08-14,313.41895
2018-08-15,302.83437
2018-08-16,306.51019
2018-08-17,310.62888
2018-08-20,314.92471
2018-08-21,317.31621
2018-08-22,323.11780
2018-08-23,326.52790
2018-08-24,329.53942
2018-08-27,329.53942
2018-08-28,336.18246
2018-08-29,336.89105
2018-08-30,341.23118
2018-08-31,340.74402
2018-09-03,344.59699
2018-09-04,343.26838
2018-09-05,339.59256
2018-09-06,335.11957
2018-09-07,334.58813
2018-09-10,339.99114
2018-09-11,346.41275
2018-09-12,354.38441
2018-09-13,343.93268
2018-09-14,344.86271
2018-09-17,346.41275
2018-09-18,350.97431
2018-09-19,351.77148
2018-09-20,350.00000
2018-09-21,349.42427
2018-09-24,358.23738
2018-09-25,364.08326
2018-09-26,362.57750
2018-09-27,361.11603
2018-09-28,366.34190
2018-10-01,376.17360
2018-10-02,379.22941
2018-10-03,378.43224
2018-10-04,381.17803
2018-10-05,376.97077
2018-10-08,372.98494
2018-10-09,377.14792
2018-10-10,371.21346
2018-10-11,360.27458
2018-10-12,357.44021
2018-10-15,358.32595
2018-10-16,356.64305
2018-10-17,353.89725
2018-10-18,355.62445
2018-10-19,355.97874
2018-10-22,356.28875
2018-10-23,348.40567
2018-10-24,342.51550
2018-10-25,342.33835
2018-10-26,342.78122
2018-10-29,343.48981
2018-10-30,335.16386
2018-10-31,331.44376
2018-11-01,315.54473
2018-11-02,314.92471
2018-11-05,321.87777
2018-11-06,312.84322
2018-11-07,310.45173
2018-11-08,306.86448
2018-11-09,305.62445
2018-11-12,309.16740
2018-11-13,289.85828
2018-11-14,287.33392
2018-11-15,290.56687
2018-11-16,289.14969
2018-11-19,284.05669
2018-11-20,272.36492
2018-11-21,273.02923
2018-11-22,270.63773
2018-11-23,255.49159
2018-11-26,264.39327
2018-11-27,263.86182
2018-11-28,256.73162
2018-11-29,258.14880
2018-11-30,255.58016
2018-12-03,266.47476
2018-12-04,271.12489
2018-12-05,271.92205
2018-12-06,256.11160
2018-12-07,273.29495
2018-12-10,267.00620
2018-12-11,264.52613
2018-12-12,265.45616
2018-12-13,261.42604
2018-12-14,259.34455
2018-12-17,255.04872
2018-12-18,244.72985
2018-12-19,246.23561
2018-12-20,234.01240
2018-12-21,229.98229
2018-12-24,.
2018-12-25,.
2018-12-26,.
2018-12-27,228.03366
2018-12-28,223.95926
2018-12-31,.
2019-01-01,.
2019-01-02,239.41541
2019-01-03,235.73959
2019-01-04,246.41275
2019-01-07,252.87865
2019-01-08,252.03720
2019-01-09,263.33038
2019-01-10,267.80337
2019-01-11,262.35607
2019-01-14,260.40744
2019-01-15,259.74314
2019-01-16,264.88043
2019-01-17,265.05757
2019-01-18,274.75642
2019-01-21,275.37644
2019-01-22,269.70771
2019-01-23,270.37201
2019-01-24,270.54916
2019-01-25,272.32064
2019-01-28,264.43756
2019-01-29,270.06200
2019-01-30,274.09212
2019-01-31,276.61647
2019-02-01,273.95926
2019-02-04,275.73074
2019-02-05,273.11780
2019-02-06,275.55359
2019-02-07,270.19486
2019-02-08,271.78919
2019-02-11,271.47919
2019-02-12,277.14792
2019-02-13,280.20372
2019-02-14,283.43667
2019-02-15,290.74402
2019-02-18,294.10983
2019-02-19,291.67405
2019-02-20,295.92560
2019-02-21,296.32418
2019-02-22,296.32418
2019-02-25,283.52524
2019-02-26,285.69531
2019-02-27,290.30115
2019-02-28,287.99823
2019-03-01,282.15235
2019-03-04,285.38530
2019-03-05,284.49956
2019-03-06,285.69531
2019-03-07,287.06820
2019-03-08,290.78831
2019-03-11,288.13109
2019-03-12,289.32684
2019-03-13,291.80691
2019-03-14,293.09123
2019-03-15,292.78122
2019-03-18,295.17272
2019-03-19,297.29849
2019-03-20,302.70151
2019-03-21,302.48007
2019-03-22,293.57839
2019-03-25,298.36138
2019-03-26,298.98140
2019-03-27,298.27281
2019-03-28,292.64836
2019-03-29,300.84145
2019-04-01,305.93446
2019-04-02,308.59167
2019-04-03,306.51019
2019-04-04,309.12312
2019-04-05,309.69885
2019-04-08,314.96900
2019-04-09,314.52613
2019-04-10,317.22764
2019-04-11,315.76616
2019-04-12,316.96191
2019-04-15,313.99469
2019-04-16,313.28609
2019-04-17,315.05757
2019-04-18,313.15323
2019-04-19,.
2019-04-22,313.15323
2019-04-23,329.45084
2019-04-24,325.90788
2019-04-25,331.88663
2019-04-26,314.57042
2019-04-29,315.41187
2019-04-30,319.70771
2019-05-01,318.91054
2019-05-02,312.48893
2019-05-03,318.64482
2019-05-06,318.64482
2019-05-07,314.34898
2019-05-08,314.83614
2019-05-09,312.71036
2019-05-10,317.22764
2019-05-13,320.41630
2019-05-14,321.21346
2019-05-15,323.69353
2019-05-16,330.82374
2019-05-17,327.45793
2019-05-20,324.22498
2019-05-21,323.02923
2019-05-22,318.60053
2019-05-23,302.79008
2019-05-24,301.06289
2019-05-27,.
2019-05-28,310.85031
2019-05-29,312.84322
2019-05-30,308.01594
2019-05-31,295.74845
2019-06-03,279.71656
2019-06-04,281.48804
2019-06-05,275.19929
2019-06-06,277.98937
2019-06-07,283.87954
2019-06-10,284.80957
2019-06-11,281.48804
2019-06-12,273.07352
2019-06-13,280.24801
2019-06-14,279.58370
2019-06-17,277.05934
2019-06-18,280.55802
2019-06-19,278.34367
2019-06-20,289.81399
2019-06-21,292.24978
2019-06-24,288.57396
2019-06-25,293.35695
2019-06-26,296.05846
2019-06-27,295.74845
2019-06-28,299.02569
2019-07-01,288.30824
2019-07-02,277.76794
2019-07-03,281.35518
2019-07-04,281.75376
2019-07-05,284.45527
2019-07-08,287.37821
2019-07-09,284.76528
2019-07-10,294.10983
2019-07-11,299.55713
2019-07-12,295.17272
2019-07-15,296.10275
2019-07-16,291.71833
2019-07-17,281.97520
2019-07-18,268.82197
2019-07-19,270.32772
2019-07-22,274.40213
2019-07-23,275.81931
2019-07-24,282.68379
2019-07-25,281.08946
2019-07-26,276.61647
2019-07-29,275.86360
2019-07-30,277.01506
2019-07-31,283.74668
2019-08-01,278.56510
2019-08-02,270.68202
2019-08-05,262.71036
2019-08-06,259.65456
2019-08-07,243.71125
2019-08-08,249.29141
2019-08-09,254.07440
2019-08-12,253.01151
2019-08-13,265.27901
2019-08-14,256.24446
2019-08-15,254.07440
2019-08-16,261.29318
2019-08-19,264.79185
2019-08-20,261.42604
2019-08-21,268.37910
2019-08-22,264.88043
2019-08-23,259.69885
2019-08-26,259.69885
2019-08-27,258.81311
2019-08-28,267.58193
2019-08-29,268.33481
2019-08-30,270.32772
2019-09-02,259.30027
2019-09-03,256.55447
2019-09-04,268.73339
2019-09-05,277.67936
2019-09-06,271.39061
2019-09-09,283.39238
2019-09-10,286.40390
2019-09-11,279.09655
2019-09-12,269.08769
2019-09-13,271.25775
2019-09-16,303.01151
2019-09-17,290.47830
2019-09-18,284.72099
2019-09-19,284.54384
2019-09-20,288.88397
2019-09-23,286.35961
2019-09-24,284.01240
2019-09-25,276.39504
2019-09-26,274.93357
2019-09-27,276.70505
2019-09-30,270.10629
2019-10-01,265.98760
2019-10-02,256.51019
2019-10-03,256.90877
2019-10-04,261.86891
2019-10-07,263.33038
2019-10-08,257.48450
2019-10-09,264.39327
2019-10-10,261.64748
2019-10-11,268.33481
2019-10-14,260.45173
2019-10-15,262.13463
2019-10-16,262.62179
2019-10-17,262.84322
2019-10-18,265.54473
2019-10-21,261.07174
2019-10-22,267.93623
2019-10-23,268.02480
2019-10-24,273.29495
2019-10-25,274.84500
2019-10-28,267.44907
2019-10-29,270.37201
2019-10-30,266.69619
2019-10-31,262.62179
2019-11-01,266.47476
2019-11-04,276.88220
2019-11-05,277.76794
2019-11-06,275.06643
2019-11-07,277.23649
2019-11-08,274.57927
2019-11-11,277.14792
2019-11-12,275.42073
2019-11-13,275.77502
2019-11-14,276.61647
2019-11-15,280.42516
2019-11-18,278.21081
2019-11-19,276.21789
2019-11-20,282.55093
2019-11-21,287.82108
2019-11-22,287.11249
2019-11-25,286.40390
2019-11-26,287.06820
2019-11-27,287.99823
2019-11-28,286.44818
2019-11-29,285.65102
2019-12-02,279.89371
2019-12-03,278.78654
2019-12-04,288.97254
2019-12-05,290.83260
2019-12-06,294.50841
2019-12-09,294.24269
2019-12-10,294.81842
2019-12-11,289.50399
2019-12-12,295.26129
2019-12-13,298.67139
2019-12-16,301.32861
2019-12-17,305.53587
2019-12-18,306.11160
2019-12-19,308.68025
2019-12-20,304.07440
2019-12-23,298.89283
2019-12-24,306.73162
2019-12-25,.
2019-12-26,306.73162
2019-12-27,305.18158
2019-12-30,302.48007
2019-12-31,300.13286
2020-01-01,.
2020-01-02,296.94420
2020-01-03,305.93446
2020-01-06,311.11603
2020-01-07,304.42870
2020-01-08,298.09566
2020-01-09,294.86271
2020-01-10,295.70416
2020-01-13,284.05669
2020-01-14,285.42958
2020-01-15,280.29229
2020-01-16,286.22675
2020-01-17,283.65810
2020-01-20,286.22675
2020-01-21,281.93091
2020-01-22,275.06643
2020-01-23,271.30204
2020-01-24,262.79894
2020-01-27,259.25598
2020-01-28,262.93180
2020-01-29,263.33038
2020-01-30,255.62445
2020-01-31,255.84588
2020-02-03,239.14969
2020-02-04,238.70682
2020-02-05,245.17272
2020-02-06,244.37555
2020-02-07,241.49690
2020-02-10,236.44818
2020-02-11,239.14969
2020-02-12,245.96988
2020-02-13,249.51284
2020-02-14,254.07440
2020-02-17,256.11160
2020-02-18,253.98583
2020-02-19,264.48184
2020-02-20,263.81754
2020-02-21,259.52170
2020-02-24,251.15146
2020-02-25,244.86271
2020-02-26,243.40124
2020-02-27,231.13375
2020-02-28,227.23649
2020-03-02,232.59522
2020-03-03,231.35518
2020-03-04,229.67228
2020-03-05,227.14792
2020-03-06,201.94863
2020-03-09,156.46590
2020-03-10,157.52879
2020-03-11,152.56864
2020-03-12,137.37821
2020-03-13,142.82551
2020-03-16,123.91497
2020-03-17,123.87068
2020-03-18,100.93003
2020-03-19,106.20018
2020-03-20,113.15323
2020-03-23,105.18158
2020-03-24,108.50310
2020-03-25,113.46324
2020-03-26,104.29584
2020-03-27,99.15855
2020-03-30,84.98671
2020-03-31,65.76616
2020-04-01,66.29761
2020-04-02,89.63685
2020-04-03,107.75022
2020-04-06,100.00000
2020-04-07,97.87422
2020-04-08,111.69176
2020-04-09,89.59256
2020-04-10,.
2020-04-13,.
2020-04-14,96.27989
2020-04-15,87.68822
2020-04-16,82.77236
2020-04-17,87.46678
2020-04-20,76.88220
2020-04-21,40.38973
2020-04-22,60.98317
2020-04-23,66.69619
2020-04-24,70.28344
2020-04-27,67.18335
2020-04-28,69.08769
2020-04-29,79.09655
2020-04-30,80.20372
2020-05-01,81.88663
2020-05-04,90.34544
2020-05-05,112.75465
2020-05-06,107.17449
2020-05-07,107.30735
2020-05-08,.
2020-05-11,113.06466
2020-05-12,118.11337
2020-05-13,123.51639
2020-05-14,132.28521
2020-05-15,137.06820
2020-05-18,147.47564
2020-05-19,146.41275
2020-05-20,153.94154
2020-05-21,154.03012
2020-05-22,149.68999
2020-05-25,.
2020-05-26,150.35430
2020-05-27,144.95128
2020-05-28,150.48716
2020-05-29,151.24004
2020-06-01,162.71036
2020-06-02,167.05049
2020-06-03,168.20195
2020-06-04,170.10629
2020-06-05,181.57662
2020-06-08,175.64216
2020-06-09,179.14083
2020-06-10,182.37378
2020-06-11,167.22764
2020-06-12,170.68202
2020-06-15,174.66785
2020-06-16,180.46944
2020-06-17,179.22941
2020-06-18,184.89814
2020-06-19,187.46678
2020-06-22,191.31975
2020-06-23,189.19398
2020-06-24,178.91940
2020-06-25,182.37378
2020-06-26,181.44376
2020-06-29,184.14526
2020-06-30,184.41098
2020-07-01,186.80248
2020-07-02,191.27547
2020-07-03,190.07972
2020-07-06,189.23826
2020-07-07,191.67405
2020-07-08,193.40124
2020-07-09,187.55536
2020-07-10,191.62976
2020-07-13,189.76971
2020-07-14,190.30115
2020-07-15,194.68556
2020-07-16,193.57839
2020-07-17,192.78122
2020-07-20,191.76262
2020-07-21,196.23561
2020-07-22,194.77414
2020-07-23,190.25686
2020-07-24,191.71833
2020-07-27,192.16120
2020-07-28,190.92117
2020-07-29,192.69265
2020-07-30,190.34544
2020-07-31,191.00974
2020-08-03,193.79982
2020-08-04,194.81842
2020-08-05,198.93711
2020-08-06,199.46856
2020-08-07,195.17272
2020-08-10,195.70416
2020-08-11,193.44553
2020-08-12,199.68999
2020-08-13,198.71568
2020-08-14,198.67139
2020-08-17,198.89283
2020-08-18,200.79717
2020-08-19,200.22143
2020-08-20,197.34278
2020-08-21,194.59699
2020-08-24,196.76705
2020-08-25,203.76439
2020-08-26,202.79008
2020-08-27,198.58282
2020-08-28,200.26572
2020-08-31,.
2020-09-01,202.48007
2020-09-02,189.10540
2020-09-03,189.19398
2020-09-04,182.01949
2020-09-07,180.11515
2020-09-08,170.63773
2020-09-09,177.05934
2020-09-10,173.91497
2020-09-11,171.83348
2020-09-14,170.81488
2020-09-15,175.11072
2020-09-16,182.59522
2020-09-17,187.55536
2020-09-18,186.71391
2020-09-21,178.78654
2020-09-22,180.86802
2020-09-23,181.97520
2020-09-24,182.63950
2020-09-25,181.17803
2020-09-28,184.18955
2020-09-29,178.60939
2020-09-30,178.47653
2020-10-01,176.04074
2020-10-02,168.29052
2020-10-05,176.17360
2020-10-06,182.77236
2020-10-07,179.89371
2020-10-08,186.00531
2020-10-09,184.36670
2020-10-12,179.36227
2020-10-13,183.08237
2020-10-14,185.16386
2020-10-15,184.27812
2020-10-16,183.08237
2020-10-19,182.86094
2020-10-20,184.32241
2020-10-21,177.54650
2020-10-22,182.81665
2020-10-23,180.29229
2020-10-26,172.98494
2020-10-27,175.90788
2020-10-28,167.67050
2020-10-29,161.91320
2020-10-30,160.89460
2020-11-02,167.31621
2020-11-03,169.04340
2020-11-04,175.73074
2020-11-05,174.80071
2020-11-06,168.64482
2020-11-09,181.26661
2020-11-10,187.11249
2020-11-11,188.21966
2020-11-12,186.71391
2020-11-13,183.83525
2020-11-16,189.14969
2020-11-17,188.39681
2020-11-18,190.03543
2020-11-19,190.83260
2020-11-20,193.93268
2020-11-23,199.29141
2020-11-24,206.51019
2020-11-25,209.47741
2020-11-26,205.13729
2020-11-27,207.61736
2020-11-30,207.44021
2020-12-01,208.28167
2020-12-02,211.69176
2020-12-03,214.21612
2020-12-04,217.44907
2020-12-07,215.36758
2020-12-08,216.29761
2020-12-09,216.16475
2020-12-10,222.89637
2020-12-11,221.47919
2020-12-14,222.63065
2020-12-15,224.84500
2020-12-16,225.11072
2020-12-17,226.74934
2020-12-18,231.04517
2020-12-21,224.13640
2020-12-22,220.90345
2020-12-23,226.08503
2020-12-24,225.33215
2020-12-25,.
2020-12-28,225.33215
2020-12-29,223.38353
2020-12-30,224.71213
2020-12-31,226.83791
2021-01-01,.
2021-01-04,223.07352
2021-01-05,235.42958
2021-01-06,238.26395
2021-01-07,237.82108
2021-01-08,245.83702
2021-01-11,242.86980
2021-01-12,247.91851
2021-01-13,245.88131
2021-01-14,246.94420
2021-01-15,242.69265
2021-01-18,240.07972
2021-01-19,245.26129
2021-01-20,246.50133
2021-01-21,246.58990
2021-01-22,244.55270
2021-01-25,245.52702
2021-01-26,244.72985
2021-01-27,243.88840
2021-01-28,243.00266
2021-01-29,244.68556
2021-02-01,249.86714
2021-02-02,255.18158
2021-02-03,259.56599
2021-02-04,261.20461
2021-02-05,263.41895
2021-02-08,266.47476
2021-02-09,268.99911
2021-02-10,270.90345
2021-02-11,270.54916
2021-02-12,276.66076
2021-02-15,281.57662
2021-02-16,283.25952
2021-02-17,287.95394
2021-02-18,283.83525
2021-02-19,278.29938
2021-02-22,286.66962
2021-02-23,288.57396
2021-02-24,296.05846
2021-02-25,295.34987
2021-02-26,291.67405
2021-03-01,285.91674
2021-03-02,279.76085
2021-03-03,286.53676
2021-03-04,298.13995
2021-03-05,309.78742
2021-03-08,301.15146
2021-03-09,296.85562
2021-03-10,299.06997
2021-03-11,307.08592
2021-03-12,305.00443
2021-03-15,304.60585
2021-03-16,300.93003
2021-03-17,299.95571
2021-03-18,275.06643
2021-03-19,283.43667
2021-03-22,282.94951
2021-03-23,265.54473
2021-03-24,282.10806
2021-03-25,271.08060
2021-03-26,282.41807
2021-03-29,283.70239
2021-03-30,280.24801
2021-03-31,281.31089
2021-04-01,282.77236
2021-04-02,.
2021-04-05,.
2021-04-06,272.23206
2021-04-07,273.95926
2021-04-08,274.97786
2021-04-09,274.09212
2021-04-12,276.26218
2021-04-13,278.25509
2021-04-14,292.78122
2021-04-15,292.86980
2021-04-16,292.20549
2021-04-19,294.68556
2021-04-20,289.37112
2021-04-21,283.52524
2021-04-22,288.17538
2021-04-23,291.18689
2021-04-26,290.07972
2021-04-27,293.40124
2021-04-28,297.07706
2021-04-29,302.30292
2021-04-30,299.95571
2021-05-03,.
2021-05-04,305.18158
2021-05-05,308.72453
2021-05-06,303.89725
2021-05-07,304.38441
2021-05-10,303.85297
2021-05-11,304.82728
2021-05-12,308.32595
2021-05-13,298.31709
2021-05-14,306.64305
2021-05-17,308.32595
2021-05-18,305.62445
2021-05-19,296.19132
2021-05-20,288.66253
2021-05-21,295.48273
2021-05-24,303.76439
2021-05-25,304.69442
2021-05-26,305.27015
2021-05-27,307.48450
2021-05-28,307.17449
2021-05-31,.
2021-06-01,310.14172
2021-06-02,312.66608
2021-06-03,313.15323
2021-06-04,315.76616
2021-06-07,313.95040
2021-06-08,316.16475
2021-06-09,315.81045
2021-06-10,317.31621
2021-06-11,319.08769
2021-06-14,320.06200
2021-06-15,324.97786
2021-06-16,327.19221
2021-06-17,322.94066
2021-06-18,323.73782
2021-06-21,329.89371
2021-06-22,331.79805
2021-06-23,333.12666
2021-06-24,336.35961
2021-06-25,338.57396
2021-06-28,331.17803
2021-06-29,333.83525
2021-06-30,340.74402
2021-07-01,339.63685
2021-07-02,343.26838
2021-07-05,346.94420
2021-07-06,335.73959
2021-07-07,329.09655
2021-07-08,332.46236
2021-07-09,341.62976
2021-07-12,339.99114
2021-07-13,343.22409
2021-07-14,335.42958
2021-07-15,330.07086
2021-07-16,329.76085
2021-07-19,307.04163
2021-07-20,310.14172
2021-07-21,321.25775
2021-07-22,328.83082
2021-07-23,331.53233
2021-07-26,331.22232
2021-07-27,331.57662
2021-07-28,332.55093
2021-07-29,337.90965
2021-07-30,344.19841
2021-08-02,327.32507
2021-08-03,324.35784
2021-08-04,314.39327
2021-08-05,319.48627
2021-08-06,314.52613
2021-08-09,308.45881
2021-08-10,315.05757
2021-08-11,318.82197
2021-08-12,317.93623
2021-08-13,313.99469
2021-08-16,310.31887
2021-08-17,307.35164
2021-08-18,303.85297
2021-08-19,295.83702
2021-08-20,290.12400
2021-08-23,305.89017
2021-08-24,315.36758
2021-08-25,319.39770
2021-08-26,311.86891
2021-08-27,320.01771
2021-08-30,.
2021-08-31,325.28787
2021-09-01,318.82197
2021-09-02,325.77502
2021-09-03,323.60496
2021-09-06,320.77059
2021-09-07,316.74048
2021-09-08,320.46058
2021-09-09,315.85474
2021-09-10,320.81488
2021-09-13,323.16209
2021-09-14,323.51639
2021-09-15,331.44376
2021-09-16,332.77236
2021-09-17,330.55802
2021-09-20,325.90788
2021-09-21,326.17360
2021-09-22,334.36670
2021-09-23,338.52967
2021-09-24,342.86980
2021-09-27,349.20283
2021-09-28,346.76705
2021-09-29,344.81842
2021-09-30,344.59699
2021-10-01,351.63862
2021-10-04,360.67316
2021-10-05,366.34190
2021-10-06,360.45173
2021-10-07,364.65899
2021-10-08,363.90611
2021-10-11,370.90345
2021-10-12,369.92914
2021-10-13,369.92914
2021-10-14,371.39061
2021-10-15,374.97786
2021-10-18,372.58636
2021-10-19,376.52790
2021-10-20,379.80514
2021-10-21,374.57927
2021-10-22,378.34367
2021-10-25,375.77502
2021-10-26,376.92648
2021-10-27,372.54207
2021-10-28,369.35341
2021-10-29,368.02480
2021-11-01,374.26926
2021-11-02,373.87068
2021-11-03,359.16740
2021-11-04,354.96014
2021-11-05,365.05757
2021-11-08,368.55624
2021-11-09,374.31355
2021-11-10,367.18335
2021-11-11,369.35341
2021-11-12,367.13906
2021-11-15,362.88751
2021-11-16,366.91763
2021-11-17,357.26306
2021-11-18,365.14615
2021-11-19,355.35872
2021-11-22,358.59167
2021-11-23,369.48627
2021-11-24,364.79185
2021-11-25,363.37467
2021-11-26,320.50487
2021-11-29,324.80071
2021-11-30,313.81754
2021-12-01,307.92737
2021-12-02,312.48893
2021-12-03,313.15323
2021-12-06,324.97786
2021-12-07,334.54384
2021-12-08,336.31532
2021-12-09,328.16652
2021-12-10,332.06377
2021-12-13,328.25509
2021-12-14,324.93357
2021-12-15,326.43933
2021-12-16,330.55802
2021-12-17,323.16209
2021-12-20,312.26749
2021-12-21,322.63065
2021-12-22,330.77945
2021-12-23,337.73251
2021-12-24,333.21523
2021-12-27,.
2021-12-28,.
2021-12-29,348.22852
2021-12-30,348.13995
2021-12-31,342.07263
2022-01-03,346.54562
2022-01-04,351.59433
2022-01-05,356.95306
2022-01-06,363.10895
2022-01-07,364.39327
2022-01-10,361.20461
2022-01-11,376.35075
2022-01-12,380.11515
2022-01-13,379.98229
2022-01-14,386.04960
2022-01-17,388.92826
2022-01-18,393.40124
2022-01-19,396.98849
2022-01-20,397.47564
2022-01-21,397.47564
2022-01-24,388.57396
2022-01-25,396.32418
2022-01-26,403.98583
2022-01-27,401.68291
2022-01-28,405.09300
2022-01-31,408.99026
2022-02-01,399.64570
2022-02-02,404.91585
2022-02-03,411.82462
2022-02-04,428.96368
2022-02-07,430.82374
2022-02-08,425.46501
2022-02-09,420.50487
2022-02-10,426.79362
2022-02-11,431.79805
2022-02-14,450.22143
2022-02-15,435.91674
2022-02-16,431.53233
2022-02-17,421.96634
2022-02-18,425.95217
2022-02-21,438.21966
2022-02-22,437.24535
2022-02-23,439.72542
2022-02-24,448.58282
2022-02-25,436.49247
2022-02-28,456.51019
2022-03-01,491.27547
2022-03-02,526.74934
2022-03-03,510.89460
2022-03-04,548.53853
2022-03-07,571.39061
2022-03-08,589.81399
2022-03-09,516.29761
2022-03-10,507.26306
2022-03-11,523.07352
2022-03-14,488.88397
2022-03-15,465.63330
2022-03-16,463.28609
2022-03-17,502.65722
2022-03-18,506.28875
2022-03-21,541.58547
2022-03-22,538.21966
2022-03-23,564.74756
2022-03-24,549.06997
2022-03-25,543.26838
2022-03-28,507.08592
2022-03-29,499.51284
2022-03-30,511.91320
2022-03-31,475.15500
2022-04-01,470.01771
2022-04-04,478.96368
2022-04-05,472.09920
2022-04-06,446.45704
2022-04-07,442.11692
2022-04-08,448.44996
2022-04-11,433.65810
2022-04-12,462.44464
2022-04-13,480.46944
2022-04-14,490.83260
2022-04-15,.
2022-04-18,.
2022-04-19,467.18335
2022-04-20,465.23472
2022-04-21,474.75642
2022-04-22,465.67759
2022-04-25,439.63685
2022-04-26,455.66873
2022-04-27,457.48450
2022-04-28,468.46767
2022-04-29,479.89371
2022-05-02,.
2022-05-03,464.74756
2022-05-04,489.50399
2022-05-05,496.50133
2022-05-06,504.25155
2022-05-09,472.40921
2022-05-10,454.42870
2022-05-11,476.97077
2022-05-12,478.56510
2022-05-13,496.54562
2022-05-16,508.68025
2022-05-17,499.95571
2022-05-18,487.33392
2022-05-19,501.41718
2022-05-20,503.23295
2022-05-23,509.87600
2022-05-24,512.71036
2022-05-25,515.54473
2022-05-26,530.60230
2022-05-27,536.71391
2022-05-30,544.77414
2022-05-31,555.93446
2022-06-01,541.18689
2022-06-02,.
2022-06-03,556.59876
2022-06-06,553.54296
2022-06-07,561.95748
2022-06-08,572.18778
2022-06-09,568.95483
2022-06-10,564.39327
2022-06-13,568.82197
2022-06-14,562.53322
2022-06-15,553.41010
2022-06-16,557.04163
2022-06-17,527.98937
2022-06-20,523.69353
2022-06-21,524.84500
2022-06-22,511.69176
2022-06-23,507.08592
2022-06-24,519.75199
2022-06-27,530.07086
2022-06-28,541.23118
2022-06-29,534.98671
2022-06-30,530.46944
2022-07-01,527.94508
2022-07-04,539.41541
2022-07-05,489.32684
2022-07-06,480.69088
2022-07-07,502.21435
2022-07-08,504.65013
2022-07-11,508.63596
2022-07-12,473.78211
2022-07-13,474.62356
2022-07-14,477.14792
2022-07-15,497.16563
2022-07-18,519.35341
2022-07-19,509.12312
2022-07-20,513.10895
2022-07-21,499.60142
2022-07-22,472.85208
2022-07-25,479.31798
2022-07-26,475.28787
2022-07-27,485.56244
2022-07-28,485.73959
2022-07-29,493.84411
2022-08-01,469.84057
2022-08-02,471.70062
2022-08-03,450.93003
2022-08-04,433.96811
2022-08-05,444.24269
2022-08-08,458.19309
2022-08-09,459.74314
2022-08-10,465.27901
2022-08-11,474.71213
2022-08-12,459.25598
2022-08-15,435.11957
2022-08-16,422.32064
2022-08-17,430.55802
2022-08-18,426.70505
2022-08-19,427.14792
2022-08-22,420.99203
2022-08-23,440.61116
2022-08-24,442.29407
2022-08-25,437.59965
2022-08-26,447.87422
2022-08-29,.
2022-08-30,439.94686
2022-08-31,427.59079
2022-09-01,408.50310
2022-09-02,412.26749
2022-09-05,417.27192
2022-09-06,404.91585
2022-09-07,384.54384
2022-09-08,389.68113
2022-09-09,406.02303
2022-09-12,413.86182
2022-09-13,407.61736
2022-09-14,411.11603
2022-09-15,395.39415
2022-09-16,396.05846
2022-09-19,.
2022-09-20,396.89991
2022-09-21,397.96280
2022-09-22,400.35430
2022-09-23,373.29495
2022-09-26,365.58902
2022-09-27,380.73516
2022-09-28,396.58990
2022-09-29,395.96988
2022-09-30,393.71125
2022-10-03,401.59433
2022-10-04,415.14615
2022-10-05,417.84765
2022-10-06,423.60496
2022-10-07,437.90965
2022-10-10,430.15943
2022-10-11,421.47919
2022-10-12,413.81754
2022-10-13,421.43490
2022-10-14,408.41453
2022-10-17,403.18866
2022-10-18,396.19132
2022-10-19,404.51727
2022-10-20,405.31444
2022-10-21,406.64305
2022-10-24,405.53587
2022-10-25,406.37733
2022-10-26,411.55890
2022-10-27,417.05049
2022-10-28,419.13198
2022-10-31,413.19752
2022-11-01,421.25775
2022-11-02,425.46501
2022-11-03,422.01063
2022-11-04,440.78831
2022-11-07,442.29407
2022-11-08,428.91940
2022-11-09,412.09035
2022-11-10,417.40478
2022-11-11,426.79362
2022-11-14,414.48184
2022-11-15,417.62622
2022-11-16,410.14172
2022-11-17,403.01151
2022-11-18,393.84411
2022-11-21,391.67405
2022-11-22,392.60407
2022-11-23,380.42516
2022-11-24,379.05226
2022-11-25,369.35341
2022-11-28,369.79628
2022-11-29,368.55624
2022-11-30,379.14083
2022-12-01,382.10806
2022-12-02,383.25952
2022-12-05,369.17626
2022-12-06,353.94154
2022-12-07,341.49690
2022-12-08,336.66962
2022-12-09,338.21966
2022-12-12,345.43844
2022-12-13,354.91585
2022-12-14,369.04340
2022-12-15,364.65899
2022-12-16,355.18158
2022-12-19,361.64748
2022-12-20,351.86005
2022-12-21,355.40301
2022-12-22,352.43578
2022-12-23,365.14615
2022-12-26,.
2022-12-27,.
2022-12-28,361.82462
2022-12-29,358.54739
2022-12-30,366.78477
2023-01-02,.
2023-01-03,355.89017
2023-01-04,333.52524
2023-01-05,339.81399
2023-01-06,338.39681
2023-01-09,343.22409
2023-01-10,347.20992
2023-01-11,359.21169
2023-01-12,365.76616
2023-01-13,369.48627
2023-01-16,366.03189
2023-01-17,373.69353
2023-01-18,371.03632
2023-01-19,376.79362
2023-01-20,385.11957
2023-01-23,387.68822
2023-01-24,377.54650
2023-01-25,376.79362
2023-01-26,382.15235
2023-01-27,378.03366
2023-01-30,375.99646
2023-01-31,369.44198
2023-02-01,361.42604
2023-02-02,356.82019
2023-02-03,349.20283
2023-02-06,356.42161
2023-02-07,367.22764
2023-02-08,372.76351
2023-02-09,369.61913
2023-02-10,378.47653
2023-02-13,380.77945
2023-02-14,376.26218
2023-02-15,372.49779
2023-02-16,371.30204
2023-02-17,363.02037
2023-02-20,366.65190
2023-02-21,363.77325
2023-02-22,352.30292
2023-02-23,363.50753
2023-02-24,364.52613
2023-02-27,359.78742
2023-02-28,368.51196
2023-03-01,370.59345
2023-03-02,372.67493
2023-03-03,379.71656
2023-03-06,380.24801
2023-03-07,367.71479
2023-03-08,363.59610
2023-03-09,358.72453
2023-03-10,364.48184
2023-03-13,352.83437
2023-03-14,339.99114
2023-03-15,329.05226
2023-03-16,323.82640
2023-03-17,314.57042
2023-03-20,320.72631
2023-03-21,331.17803
2023-03-22,336.93534
2023-03-23,329.09655
2023-03-24,326.08503
2023-03-27,340.12400
2023-03-28,345.74845
2023-03-29,343.26838
2023-03-30,347.43136
2023-03-31,350.70859
2023-04-03,380.02657
2023-04-04,379.53942
2023-04-05,380.38087
2023-04-06,383.34810
2023-04-07,.
2023-04-10,.
2023-04-11,386.71391
2023-04-12,391.09832
2023-04-13,383.12666
2023-04-14,386.66962
2023-04-17,379.22941
2023-04-18,378.56510
2023-04-19,377.94508
2023-04-20,368.86625
2023-04-21,369.17626
2023-04-24,373.02923
2023-04-25,363.72896
2023-04-26,350.70859
2023-04-27,354.78299
2023-04-28,360.14172
2023-05-01,.
2023-05-02,339.72542
2023-05-03,322.89637
2023-05-04,323.29495
2023-05-05,335.91674
2023-05-08,.
2023-05-09,344.37555
2023-05-10,339.68113
2023-05-11,333.56953
2023-05-12,330.11515
2023-05-15,334.18955
2023-05-16,332.81665
2023-05-17,340.92117
2023-05-18,335.47387
2023-05-19,334.01240
2023-05-22,335.56244
2023-05-23,339.50399
2023-05-24,345.39415
2023-05-25,335.07529
2023-05-26,338.04252
2023-05-29,.
2023-05-30,324.97786
2023-05-31,318.77768
2023-06-01,328.52081
2023-06-02,336.58105
2023-06-05,339.28255
2023-06-06,337.55536
2023-06-07,340.34544
2023-06-08,336.04960
2023-06-09,331.00089
2023-06-12,317.98051
2023-06-13,328.78654
2023-06-14,325.02214
2023-06-15,335.47387
2023-06-16,339.94686
2023-06-19,336.97963
2023-06-20,335.65102
2023-06-21,340.65545
2023-06-22,327.41364
2023-06-23,325.77502
2023-06-26,327.10363
2023-06-27,318.33481
2023-06-28,326.12932
2023-06-29,327.10363
2023-06-30,329.98229
2023-07-03,330.02657
2023-07-04,337.59965
2023-07-05,339.85828
2023-07-06,339.76971
2023-07-07,348.84854
2023-07-10,344.68556
2023-07-11,352.25864
2023-07-12,355.84588
2023-07-13,360.09743
2023-07-14,353.85297
2023-07-17,344.55270
2023-07-18,352.25864
2023-07-19,351.55004
2023-07-20,352.61293
2023-07-21,358.99026
2023-07-24,365.50044
2023-07-25,369.61913
2023-07-26,367.49336
2023-07-27,373.25066
2023-07-28,374.18069
2023-07-31,377.41364
2023-08-01,377.94508
2023-08-02,372.05492
2023-08-03,381.70948
2023-08-04,386.97963
2023-08-07,382.94951
2023-08-08,389.72542
2023-08-09,395.52702
2023-08-10,387.24535
2023-08-11,389.41541
2023-08-14,387.06820
2023-08-15,382.10806
2023-08-16,374.18069
2023-08-17,377.50221
2023-08-18,380.51373
2023-08-21,378.38795
2023-08-22,375.11072
2023-08-23,371.74491
2023-08-24,372.32064
2023-08-25,378.29938
2023-08-28,.
2023-08-29,382.50664
2023-08-30,383.61382
2023-08-31,386.58105
2023-09-01,398.49424
2023-09-04,400.44287
2023-09-05,404.11869
2023-09-06,406.51019
2023-09-07,403.72011
2023-09-08,406.77591
2023-09-11,407.30735
2023-09-12,414.43756
2023-09-13,412.04606
2023-09-14,421.61205
2023-09-15,423.16209
2023-09-18,424.93357
2023-09-19,425.64216
2023-09-20,418.77768
2023-09-21,414.96900
2023-09-22,416.25332
2023-09-25,416.34190
2023-09-26,418.33481
2023-09-27,430.02657
2023-09-28,427.98937
2023-09-29,424.53499
2023-10-02,403.94154
2023-10-03,418.33481
2023-10-04,397.82994
2023-10-05,390.96546
2023-10-06,389.10540
2023-10-09,404.65013
2023-10-10,401.68291
2023-10-11,387.86537
2023-10-12,391.49690
2023-10-13,417.75908
2023-10-16,402.96723
2023-10-17,409.74314
2023-10-18,407.39593
2023-10-19,412.40035
2023-10-20,415.05757
2023-10-23,406.90877
2023-10-24,389.72542
2023-10-25,399.20283
2023-10-26,391.71833
2023-10-27,401.81577
2023-10-30,401.81577
2023-10-31,384.49956
2023-11-01,384.94243
2023-11-02,394.24269
2023-11-03,387.73251
2023-11-06,386.66962
2023-11-07,369.48627
2023-11-08,360.76174
2023-11-09,362.00177
2023-11-10,370.50487
2023-11-13,372.40921
2023-11-14,372.89637
2023-11-15,364.92471
2023-11-16,344.24269
2023-11-17,359.69885
2023-11-20,368.68911
2023-11-21,365.01329
2023-11-22,362.09035
2023-11-23,358.06023
2023-11-24,353.49867
2023-11-27,352.03720
2023-11-28,361.64748
2023-11-29,367.49336
2023-11-30,361.91320
2023-12-01,348.62710
2023-12-04,346.14703
2023-12-05,342.20549
2023-12-06,329.18512
2023-12-07,328.65368
2023-12-08,336.31532
2023-12-11,335.47387
2023-12-12,328.21081
2023-12-13,328.34367
2023-12-14,341.23118
2023-12-15,340.30115
2023-12-18,349.37998
2023-12-19,353.49867
2023-12-20,359.16740
2023-12-21,357.52879
2023-12-22,355.31444
2023-12-25,.
2023-12-26,.
2023-12-27,358.59167
2023-12-28,350.04429
2023-12-29,344.06554
2024-01-01,.
2024-01-02,337.64393
2024-01-03,341.80691
2024-01-04,335.65102
2024-01-05,346.81134
2024-01-08,334.23384
2024-01-09,345.30558
2024-01-10,347.47564
2024-01-11,355.22586
2024-01-12,353.80868
2024-01-15,353.23295
2024-01-16,354.96014
2024-01-17,349.33570
2024-01-18,358.90168
2024-01-19,357.44021
2024-01-22,361.82462
2024-01-23,363.33038
2024-01-24,363.81754
2024-01-25,364.61470
2024-01-26,369.08769
2024-01-29,371.96634
2024-01-30,372.63065
2024-01-31,367.49336
2024-02-01,364.03897
2024-02-02,352.25864
2024-02-05,351.19575
2024-02-06,356.33304
2024-02-07,359.52170
2024-02-08,367.62622
2024-02-09,370.15058
2024-02-12,371.47919
2024-02-13,375.19929
2024-02-14,373.82640
2024-02-15,373.47210
2024-02-16,375.90788
2024-02-19,378.74225
2024-02-20,375.46501
2024-02-21,375.42073
2024-02-22,380.15943
2024-02-23,372.80779
2024-02-26,372.05492
2024-02-27,371.12489
2024-02-28,372.36492
2024-02-29,374.53499
2024-03-01,375.64216
2024-03-04,383.43667
2024-03-05,380.07086
2024-03-06,383.48096
2024-03-07,375.90788
2024-03-08,373.29495
2024-03-11,369.53056
2024-03-12,370.50487
2024-03-13,371.78919
2024-03-14,381.57662
2024-03-15,378.16652
2024-03-18,382.94951
2024-03-19,386.89105
2024-03-20,379.84942
2024-03-21,376.08503
2024-03-22,375.86360
2024-03-25,381.66519
2024-03-26,380.46944
2024-03-27,376.17360
2024-03-28,381.62090
2024-03-29,.
2024-04-01,.
2024-04-02,388.08680
2024-04-03,401.24004
2024-04-04,400.00000
2024-04-05,411.02746
2024-04-08,406.24446
2024-04-09,408.01594
2024-04-10,405.53587
2024-04-11,405.18158
2024-04-12,412.40035
2024-04-15,402.30292
2024-04-16,404.29584
2024-04-17,396.54562
2024-04-18,391.23118
2024-04-19,389.54827
2024-04-22,386.62533
2024-04-23,391.00974
2024-04-24,394.24269
2024-04-25,390.16829
2024-04-26,398.36138
2024-04-29,391.67405
2024-04-30,390.74402
2024-05-01,370.01771
2024-05-02,375.59787
2024-05-03,370.23915
2024-05-06,.
2024-05-07,366.20903
2024-05-08,365.10186
2024-05-09,368.77768
2024-05-10,369.30912
2024-05-13,368.37910
2024-05-14,358.72453
2024-05-15,354.20726
2024-05-16,361.60319
2024-05-17,364.21612
2024-05-20,362.75465
2024-05-21,359.69885
2024-05-22,353.85297
2024-05-23,350.97431
2024-05-24,349.51284
2024-05-27,.
2024-05-28,360.23029
2024-05-29,360.93888
2024-05-30,360.58459
2024-05-31,351.68291
2024-06-03,338.57396
2024-06-04,333.61382
2024-06-05,333.96811
2024-06-06,343.75554
2024-06-07,345.96988
2024-06-10,352.48007
2024-06-11,354.96014
2024-06-12,356.59876
2024-06-13,360.67316
2024-06-14,360.89460
2024-06-17,365.14615
2024-06-18,375.50930
2024-06-19,379.27369
2024-06-20,380.51373
2024-06-21,382.72808
2024-06-24,384.18955
2024-06-25,384.45527
2024-06-26,379.80514
2024-06-27,385.29672
2024-06-28,386.44818
2024-07-01,383.39238
